<?xml version="1.0" encoding="UTF-8"?>
<beans xmlns="http://www.springframework.org/schema/beans"
       xmlns:xsi="http://www.w3.org/2001/XMLSchema-instance"
       xmlns:security="http://www.springframework.org/schema/security"
       xmlns:p="http://www.springframework.org/schema/p" 
       xsi:schemaLocation="http://www.springframework.org/schema/beans
                           http://www.springframework.org/schema/beans/spring-beans.xsd
                           http://www.springframework.org/schema/security
                           http://www.springframework.org/schema/security/spring-security-3.1.xsd">

 <security:http auto-config="true" use-expressions="false" >
	
  			<security:intercept-url pattern="/index*" access="ROLE_USER,ROLE_USER1,ROLE_USER2,ROLE_USER3,ROLE_USER4,ROLE_ADMIN,ROLE_SEMI_ADMIN,ROLE_GUEST"  />  
  			<!-- <security:intercept-url pattern="/add*" access="ROLE_USER,ROLE_USER1,ROLE_USER2,ROLE_USER3,ROLE_USER4,ROLE_ADMIN" />    -->
  			<security:intercept-url pattern="/initiate*" access="ROLE_ADMIN,ROLE_SEMI_ADMIN" />
  			<security:intercept-url pattern="/delete*" access="ROLE_ADMIN,ROLE_USER1" />   
  		  	<security:form-login login-page="/login" default-target-url="/index" authentication-failure-url="/loginFail"/>
  		   
 			<security:logout logout-success-url="/logout" />
 			<security:session-management invalid-session-url="/login">
 			</security:session-management>  
 			<security:access-denied-handler error-page="/accessdenied"/>
  			<security:logout delete-cookies="JSESSIONID" />
         	<security:remember-me key="uniqueAndSecret" token-validity-seconds="1125"/>   
         	
  </security:http>  
  
      <security:authentication-manager>
	  		<security:authentication-provider>
	    		<security:user-service>
					<security:user name="user"   password="login"  authorities="ROLE_USER" />
					<security:user name="madhu"  password="login"  authorities="ROLE_USER1" />
					<security:user name="gaurav" password="login"  authorities="ROLE_USER2" />
					<security:user name="neeraj" password="login"  authorities="ROLE_USER3" />
					<security:user name="ashis"  password="login"  authorities="ROLE_USER4" />
					<security:user name="super"  password="ranjan" authorities="ROLE_ADMIN" />
					<security:user name="ranjan" password="ranjan" authorities="ROLE_SEMI_ADMIN" /> 
				</security:user-service>
	  		</security:authentication-provider>
	</security:authentication-manager>

</beans>

