<?xml version="1.0" encoding="UTF-8"?>
<beans xmlns="http://www.springframework.org/schema/beans"
xmlns:security="http://www.springframework.org/schema/security"
xmlns:xsi="http://www.w3.org/2001/XMLSchema-instance"
xmlns:context="http://www.springframework.org/schema/context"
xmlns:mvc="http://www.springframework.org/schema/mvc"
xmlns:util="http://www.springframework.org/schema/util"
xmlns:oauth="http://www.springframework.org/schema/security/oauth2"
xsi:schemaLocation="
http://www.springframework.org/schema/beans http://www.springframework.org/schema/beans/spring-beans-3.0.xsd
http://www.springframework.org/schema/context http://www.springframework.org/schema/context/spring-context-3.0.xsd
http://www.springframework.org/schema/mvc http://www.springframework.org/schema/mvc/spring-mvc-3.0.xsd
http://www.springframework.org/schema/security http://www.springframework.org/schema/security/spring-security-3.0.xsd
http://www.springframework.org/schema/util http://www.springframework.org/schema/util/spring-util-3.0.xsd
http://www.springframework.org/schema/security/oauth2 http://www.springframework.org/schema/security/spring-security-oauth2.xsd">   
 
   <context:component-scan
	base-package="com.ranjan.cis" />

	<mvc:annotation-driven />
	
	<mvc:interceptors>
		<mvc:interceptor>
			<mvc:mapping path="/**/*" />
			<bean id="webContentInterceptor"
				class="org.springframework.web.servlet.mvc.WebContentInterceptor">
				<property name="cacheSeconds" value="0" />
				<property name="useExpiresHeader" value="true" />
				<property name="useCacheControlHeader" value="true" />
				<property name="useCacheControlNoStore" value="true" />
			</bean>
		</mvc:interceptor>
	</mvc:interceptors>

	<bean
		class="org.springframework.web.servlet.view.InternalResourceViewResolver">
		<property name="prefix" value="/WEB-INF/jsp/" />
		<property name="suffix" value=".jsp" />
	</bean>

	<bean id="studentController" class="com.ranjan.cis.StudentController">
	</bean>
 
</beans>